1790,193000000
1791,210000000
1792,230000000
1793,256000000
1794,321000000
1795,390000000
1796,423000000
1797,415000000
1798,418000000
1799,447000000
1800,486000000
1801,520000000
1802,456000000
1803,493000000
1804,538000000
1805,567000000
1806,624000000
1807,595000000
1808,653000000
1809,694000000
1810,714000000
1811,776000000
1812,795000000
1813,980000000
1814,1090000000
1815,935000000
1816,828000000
1817,777000000
1818,745000000
1819,735000000
1820,718000000
1821,742000000
1822,816000000
1823,767000000
1824,762000000
1825,832000000
1826,876000000
1827,925000000
1828,907000000
1829,940000000
1830,1032000000
1831,1065000000
1832,1142000000
1833,1172000000
1834,1233000000
1835,1358000000
1836,1497000000
1837,1574000000
1838,1618000000
1839,1685000000
1840,1590000000
1841,1678000000
1842,1646000000
1843,1595000000
1844,1741000000
1845,1899000000
1846,2113000000
1847,2476000000
1848,2496000000
1849,2488000000
1850,2656000000
1851,2799000000
1852,3143000000
1853,3383000000
1854,3789000000
1855,4048000000
1856,4103000000
1857,4241000000
1858,4151000000
1859,4475000000
1860,4410000000
1861,4673000000
1862,5881000000
1863,7746000000
1864,9600000000
1865,10012000000
1866,9098000000
1867,8465000000
1868,8261000000
1869,8009000000
1870,7899000000
1871,7751000000
1872,8402000000
1873,8936000000
1874,8659000000
1875,8331000000
1876,8482000000
1877,8700000000
1878,8555000000
1879,9555000000
1880,10592000000
1881,11902000000
1882,12519000000
1883,12640000000
1884,12107000000
1885,11925000000
1886,12549000000
1887,13565000000
1888,14332000000
1889,14338000000
1890,15607000000
1891,15944000000
1892,16920000000
1893,15934000000
1894,14606000000
1895,16114000000
1896,15990000000
1897,16666000000
1898,18663000000
1899,20119000000
1900,21197000000
1901,22931000000
1902,24754000000
1903,26647000000
1904,26360000000
1905,29523000000
1906,31794000000
1907,34639000000
1908,30797000000
1909,32540000000
1910,33746000000
1911,34675000000
1912,37745000000
1913,39517000000
1914,36831000000
1915,39048000000
1916,50117000000
1917,60278000000
1918,76567000000
1919,79090000000
1920,89246000000
1921,74314000000
1922,74140000000
1923,86238000000
1924,87786000000
1925,91449000000
1926,97885000000
1927,96466000000
1928,98305000000
1929,104556000000
1930,98400000000
1931,84800000000
1932,68500000000
1933,58300000000
1934,62000000000
1935,70500000000
1936,79600000000
1937,88900000000
1938,90200000000
1939,90400000000
1940,98200000000
1941,116200000000
1942,147700000000
1943,184600000000
1944,213800000000
1945,226400000000
1946,228000000000
1947,238900000000
1948,261900000000
1949,276500000000
1950,278675000000
1951,327050000000
1952,357100000000
1953,382050000000
1954,387150000000
1955,406325000000
1956,438250000000
1957,463375000000
1958,473475000000
1959,504600000000
1960,534325000000
1961,546575000000
1962,585675000000
1963,618200000000
1964,661700000000
1965,709325000000
1966,780475000000
1967,836525000000
1968,897575000000
1969,980275000000
1970,1046675000000
1971,1116550000000
1972,1216250000000
1973,1352725000000
1974,1482850000000
1975,1606925000000
1976,1786100000000
1977,2024325000000
1978,2273450000000
1979,2565575000000
1980,2791900000000
1981,3133225000000
1982,3313350000000
1983,3536000000000
1984,3949175000000
1985,4265125000000
1986,4526250000000
1987,4767650000000
1988,5138550000000
1989,5554675000000
1990,5898750000000
1991,6093175000000
1992,6416250000000
1993,6775325000000
1994,7176850000000
1995,7560425000000
1996,7951325000000
1997,8451025000000
1998,8930800000000
1999,9479625000000
2000,10117075000000
2001,10525725000000
2002,10828875000000
2003,11278750000000
2004,12028425000000
2005,12839950000000
2006,13636750000000
2007,14305375000000
2008,14796575000000
2009,14467300000000
2010,14884400000000
2011,15466525000000
2012,16109425000000
2013,16687775000000
2014,17428100000000
2015,18164250000000
2016,18641325000000
2017,19375175000000
2018,20436325000000
2019,21286150000000
2020,21336775000000
2021,23044050000000
2022,25565375000000
2023,27397950000000
2024,28947900000000
2025,30322847000000
