1900,5.0
1901,2.4
1902,2.7
1903,2.6
1904,4.8
1905,3.1
1906,0.8
1907,1.8
1908,8.5
1909,5.2
1910,5.9
1911,6.2
1912,5.2
1913,4.4
1914,8.0
1915,9.7
1916,4.8
1917,4.8
1918,1.4
1919,2.3
1920,4.0
1921,11.9
1922,7.6
1923,3.2
1924,5.5
1925,4.0
1926,1.9
1927,4.1
1928,4.4
1929,3.2
1930,8.7
1931,15.9
1932,23.6
1933,24.9
1934,21.7
1935,20.1
1936,16.9
1937,14.3
1938,19.0
1939,17.2
1940,14.6
1941,9.9
1942,4.7
1943,1.9
1944,1.2
1945,1.9
1946,3.9
1947,3.9
1948,3.8
1949,5.9
1950,5.3
1951,3.3
1952,3.0
1953,2.9
1954,5.5
1955,4.4
1956,4.1
1957,4.3
1958,6.8
1959,5.5
1960,5.5
1961,6.7
1962,5.5
1963,5.7
1964,5.2
1965,4.5
1966,3.8
1967,3.8
1968,3.6
1969,3.5
1970,4.9
1971,5.9
1972,5.6
1973,4.9
1974,5.6
1975,8.5
1976,7.7
1977,7.1
1978,6.1
1979,5.8
1980,7.1
1981,7.6
1982,9.7
1983,9.6
1984,7.5
1985,7.2
1986,7.0
1987,6.2
1988,5.5
1989,5.3
1990,5.6
1991,6.8
1992,7.5
1993,6.9
1994,6.1
1995,5.6
1996,5.4
1997,4.9
1998,4.5
1999,4.2
2000,4.0
2001,4.7
2002,5.8
2003,6.0
2004,5.5
2005,5.1
2006,4.6
2007,4.6
2008,5.8
2009,9.3
2010,9.6
2011,8.9
2012,8.1
2013,7.4
2014,6.2
2015,5.3
2016,4.9
2017,4.4
2018,3.9
2019,3.7
2020,8.1
2021,5.3
2022,3.6
2023,3.6
2024,4.0
2025,4.3
